function,img1,img2,img3,img4,img5,img6,img7
cv2.TM_CCOEFF,0.0,0.0,0.0,0.0,0.0,0.0,0.0
cv2.TM_CCOEFF_NORMED,0.0,0.0,0.0,0.0,0.0,0.0,0.0
cv2.TM_CCORR,367.8654645383282,713.2376882919185,1268.2018766742146,1711.8671093282912,321.6224494652076,1134.9925109885087,761.7781829377893
cv2.TM_CCORR_NORMED,0.0,0.0,0.0,0.0,0.0,0.0,0.0
cv2.TM_SQDIFF,0.0,0.0,0.0,0.0,0.0,0.0,0.0
cv2.TM_SQDIFF_NORMED,0.0,0.0,0.0,0.0,0.0,0.0,0.0
